id;first_name;last_name;email;phone_number;seva_start_date;seva_end_date;is_valid
1;Lola;Rodriguez;Lily.Kihn75@yahoo.com;repurpose modular;2020-01-19T19:04:40;2020-01-20T00:44:16;false
2;Miguel;Kling;Lynn.Buckridge@gmail.com;Wooden withdrawal;2020-01-19T14:05:00;2020-01-20T01:30:49;true
3;Corrine;Wuckert;Arlo58@hotmail.com;Wooden;2020-01-19T16:14:02;2020-01-19T06:06:37;true
4;Meredith;O'Hara;Deonte34@yahoo.com;Berkshire reinvent;2020-01-19T08:58:27;2020-01-19T18:48:02;false
5;Antonina;Turner;Reuben92@yahoo.com;Albania;2020-01-20T00:21:33;2020-01-19T14:44:34;true
6;Unique;MacGyver;Jensen13@gmail.com;Music pink;2020-01-19T11:43:39;2020-01-19T04:44:47;false
7;Myrtice;O'Hara;Imogene95@yahoo.com;calculate Concrete Soap;2020-01-19T14:40:11;2020-01-19T04:50:47;false
8;Monty;Jerde;Chandler_Wehner@gmail.com;payment Expressway;2020-01-19T04:42:50;2020-01-19T17:24:35;false
9;Edwin;Abshire;June_Nicolas@gmail.com;Automated Small Concrete Chicken;2020-01-19T07:32:26;2020-01-19T10:58:59;false
10;Casey;Schinner;Yasmine24@yahoo.com;e-business;2020-01-19T08:14:51;2020-01-20T03:37:18;true
